Type,Original_Term_Pinyin,Original_Term_CN,Translated_Term_VI,Alternative_Translations,Translation_Rule,Context_Usage,Frequency,Notes
Character,Niè Jiǔ Luó,聂九罗,Nhiếp Cửu La,Nhiếp tiểu thư; A La; Nhiếp Nhị,transliterate,Nhiếp Cửu La: Tên đầy đủ, trang trọng. Nhiếp tiểu thư: Cách gọi lịch sự của người khác. A La: Tên gọi thân mật của Hình Thâm. Nhiếp Nhị: Biệt danh trong giới.,High,Nhân vật nữ chính, có kỹ năng đặc biệt về điêu khắc và thân thủ phi phàm.
Character,Yán Tuò,炎拓,Viêm Thác,Tiểu Thác,transliterate,Viêm Thác: Tên đầy đủ. Tiểu Thác: Cách gọi thân mật của Lâm Hỉ Nhu.,High,Nhân vật nam chính, con trai của Viêm Hoàn Sơn và Lâm Hỉ Nhu, có quá khứ phức tạp.
Character,Lín Xǐ Róu,林喜柔,Lâm Hỉ Nhu,Lâm di,transliterate,"Lâm Hỉ Nhu: Tên gốc của mẹ Viêm Thác. Lâm di: Cách gọi của Viêm Thác và những người thân cận đối với ""địa kiêu"" đã chiếm thân xác bà.",High,"Mẹ của Viêm Thác, sau này thân xác bị một ""địa kiêu"" chiếm giữ."
Character,Yán Huán Shān,炎还山,Viêm Hoàn Sơn,Đại Sơn,transliterate,Viêm Hoàn Sơn: Tên đầy đủ. Đại Sơn: Tên gọi thân mật của Lâm Hỉ Nhu.,Medium,"Cha của Viêm Thác, một chủ mỏ than bị ""địa kiêu"" giết và chiếm thân xác."
Character,Sūn Zhōu,孙周,Tôn Chu,,transliterate,Tên đầy đủ.,Medium,Tài xế của Nhiếp Cửu La, bị Cẩu Nha tấn công và sau đó bị bắt đi để huấn luyện thành ""lang khuyển"".
Character,Gǒu Yá,狗牙,Cẩu Nha,,transliterate,Tên đầy đủ.,Medium,Một địa kiêu có ngoại hình xấu xí, đồng bọn của Lâm Hỉ Nhu, bị Nhiếp Cửu La chọc mù mắt.
Character,Xíng Shēn,邢深,Hình Thâm,,transliterate,Tên đầy đủ.,Medium,"Thuộc ""Cẩu gia nhân"", có biệt danh ""Cuồng khuyển"", có tình cảm với Nhiếp Cửu La."
Character,Jiǎng Bǎichuān,蒋百川,Tưởng Bách Xuyên,Tưởng thúc,transliterate,"Tưởng Bách Xuyên: Tên đầy đủ. Tưởng thúc: Cách gọi của thế hệ sau.",Medium,Người đứng đầu của nhóm ""Ba Sơn thợ săn"" hiện tại.
Character,Lǎo Qián,老钱,Lão Tiền,,hybrid,Cách gọi thông thường.,Low,Tài xế thay thế cho Tôn Chu.
Character,Què Chá,雀茶,Tước Trà,Trà tỷ,transliterate,Tước Trà: Tên đầy đủ. Trà tỷ: Cách gọi của đàn em.,Medium,Một thành viên nữ trong nhóm của Tưởng Bách Xuyên, có vẻ ngoài quyến rũ.
Character,Dàtóu,大头,Đại Đầu,,translate_meaning,Biệt danh, chỉ người có cái đầu to.,Low,"Thành viên của ""Cẩu gia nhân"", có khứu giác đặc biệt nhạy với mùi của địa kiêu."
Character,Shān Qiáng,山强,Sơn Cường,,transliterate,Tên đầy đủ.,Low,Thành viên trong nhóm ở thôn Bản Nha, tham gia tấn công Viêm Thác.
Character,Liú Sān Chí,刘三池,Lưu Tam Trì,,transliterate,Tên đầy đủ.,Low,Tổ trưởng tổ công nhân trong mỏ than của Viêm Hoàn Sơn.
Character,Lǐ Èr Gǒu,李二狗,Lý Nhị Cẩu,,transliterate,Tên đầy đủ.,Low,Công nhân mỏ than ăn trộm tiền và bỏ trốn, là người đầu tiên đồn về ""ma"" trong mỏ.
Character,Liú Chángxǐ,刘长喜,Lưu Trường Hỉ,Trường Hỉ,transliterate,Lưu Trường Hỉ: Tên đầy đủ. Trường Hỉ: Tên gọi thân mật.,Low,Công nhân trẻ trong mỏ than của Viêm Hoàn Sơn, sau này mở quán饺子.
Character,Xú Fú,徐福,Từ Phúc,,transliterate,Tên đầy đủ, nhân vật lịch sử.,Low,Nhân vật lịch sử được nhắc đến trong phần dẫn truyện, người đã đi tìm thuốc trường sinh.
Place,Nán Bā Lǎo Lín,南巴老林,Nam Ba Lão Lâm,,transliterate,Tên địa danh lịch sử.,High,"Khu rừng nguyên sinh rộng lớn ở Thiểm Nam, nơi ""Triền đầu quân"" bí mật tiến vào."
Place,Xìngbàzi Xiāng,兴坝子乡,Hưng Bá Tử Hương,,transliterate,Tên một xã.,High,Địa điểm chính của các sự kiện đầu truyện, nơi có ngôi miếu hoang và cánh đồng ngô.
Place,Bǎnyá Cūn,板牙村,Bản Nha Thôn,,transliterate,Tên một ngôi làng.,Medium,Ngôi làng kỳ lạ nơi Viêm Thác bị tấn công, là một trong các據điểm của nhóm Tưởng Bách Xuyên.
Place,Lǎo Niútóu Gǎng,老牛头岗,Lão Ngưu Đầu Cương,,transliterate,Tên một ngọn đồi/khu vực.,Medium,Nơi Viêm Hoàn Sơn mở mỏ than và là nơi bắt đầu của mọi bi kịch.
Place,Yóu Táng Xiàn,由唐县,Do Đường Huyện,,transliterate,Tên một huyện ở Thiểm Nam.,Medium,Huyện nơi có Lão Ngưu Đầu Cương.
Place,Shíhé Xiàn,石河县,Thạch Hà Huyện,,transliterate,Tên một huyện.,Medium,Huyện nơi có xã Hưng Bá Tử.
Place,Hēibái Jiàn,黑白涧,Hắc Bạch Giản,,translate_meaning,"Ranh giới giữa thế giới của ""địa kiêu"" (âm) và thế giới con người (dương).",Low,"Nơi được cho là quê hương của địa kiêu, một không gian dưới lòng đất."
Creature,Dì Xiāo,地枭,Địa Kiêu,Kiêu; Quái vật,translate_meaning,"Địa Kiêu: Thuật ngữ chính. Kiêu: Cách gọi tắt.",High,"Một sinh vật sống dưới lòng đất, có khả năng tái sinh mạnh mẽ, là trung tâm của câu chuyện."
Creature,Mǎ Hānzi,马憨子,Mã Gàn Tử,,hybrid,"Người đàn ông khờ khạo ở thôn Bản Nha, luôn tưởng tượng mình đang chiến đấu chống ""quỷ tử"".",Low,"Một người dân làng bị khờ, đóng vai trò như người lính gác cho thôn Bản Nha."
Concept,Qīng Rǎng,青壤,Thanh Nhưỡng,,translate_meaning,Đất màu xanh đen.,Medium,"Loại đất đặc biệt mà từ đó ""địa kiêu"" có thể sinh ra."
Concept,Chántóu Jūn,缠头军,Triền Đầu Quân,,translate_meaning,"Quân đội quấn khăn đen trên đầu, được Tần Thủy Hoàng cử đi tìm địa kiêu.",Medium,Tổ tiên của nhóm ""Ba Sơn thợ săn"" của Tưởng Bách Xuyên.
Concept,Xuè Náng,血囊,Huyết Nang,Túi máu; Thuốc,translate_meaning,"Huyết Nang: Thuật ngữ chính. ""Túi máu"" hoặc ""thuốc"": Cách giải thích nghĩa.",Medium,"Nguồn dinh dưỡng/thuốc để địa kiêu có thể biến đổi và duy trì hình dạng con người."
Concept,Nǚwā Ròu,女娲肉,Nữ Oa Nhục,,translate_meaning,"Một loại đất đặc biệt có khả năng giúp địa kiêu biến đổi, được cho là thịt của Nữ Oa hóa thành.",Low,Loại đất cần thiết cho quá trình ""thoát căn"" của địa kiêu.
Concept,Tuō Gēn,脱根,Thoát Căn,,translate_meaning,"Quá trình địa kiêu hấp thụ ""huyết nang"" để biến đổi hoàn toàn thành hình người và có thể sống dưới ánh mặt trời.",Low,"Một nghi thức/quá trình quan trọng của địa kiêu."
Concept,Chàngguǐ,伥鬼,Trá quỷ,,translate_meaning,Người bị địa kiêu điều khiển, phản bội đồng loại để giúp đỡ địa kiêu.,Low,"Chỉ những người như Viêm Hoàn Sơn, bị địa kiêu kiểm soát và lợi dụng."
Organization,Gǒu Jiārén,狗家人,Cẩu Gia Nhân,,translate_meaning,"Gia tộc có khứu giác đặc biệt, có thể ngửi thấy mùi của địa kiêu.",Medium,"Một trong ba nhánh của ""Ba Sơn thợ săn"", chuyên về trinh sát, do Hình Thâm đại diện."
Organization,Dāo Jiā,刀家,Đao Gia,,translate_meaning,"Gia tộc chuyên sử dụng đao pháp để săn và giết địa kiêu.",Medium,"Một trong ba nhánh của ""Ba Sơn thợ săn"", chuyên về chiến đấu, do Nhiếp Cửu La đại diện."
Organization,Biān Jiā,鞭家,鞭家,Tiên Gia,,translate_meaning,"Gia tộc chuyên sử dụng roi (tiên) để thuần hóa, huấn luyện địa kiêu hoặc các sinh vật bị địa kiêu làm biến dị.",Medium,"Một trong ba nhánh của ""Ba Sơn thợ săn"", chuyên về thuần hóa, do Dư Dung đại diện."
Title,Fēng Dāo,疯刀,Phong Đao,Nhiếp Nhị,translate_meaning,"Danh hiệu dành cho người giỏi nhất của ""Đao gia"".",Medium,Biệt danh của Nhiếp Cửu La trong giới.
Title,Kuáng Quǎn,狂犬,Cuồng Khuyển,,translate_meaning,"Danh hiệu dành cho người giỏi nhất của ""Cẩu gia nhân"".",Medium,Biệt danh của Hình Thâm.
Title,Guǐ Shǒu,鬼手,Quỷ Thủ,,translate_meaning,"Danh hiệu dành cho người giỏi nhất của ""Tiên gia"".",Medium,Biệt danh của Dư Dung.
Item,Shēngsǐ Dāo,生死刀,Sinh Tử Đao,,translate_meaning,"Con dao đặc biệt của ""Đao gia"", có hai lưỡi ""sinh"" và ""tử"", dùng để săn và giết địa kiêu.",Low,"Vũ khí đặc trưng của Nhiếp Cửu La, được thừa hưởng từ mẹ."